Date,Visitor/Neutral,Home/Neutral
Tue Oct 22 2019,Los Angeles Lakers,Los Angeles Clippers
Tue Oct 22 2019,New Orleans Pelicans,Toronto Raptors
Wed Oct 23 2019,Minnesota Timberwolves,Brooklyn Nets
Wed Oct 23 2019,Chicago Bulls,Charlotte Hornets
Wed Oct 23 2019,Washington Wizards,Dallas Mavericks
Wed Oct 23 2019,Detroit Pistons,Indiana Pacers
Wed Oct 23 2019,Memphis Grizzlies,Miami Heat
Wed Oct 23 2019,Cleveland Cavaliers,Orlando Magic
Wed Oct 23 2019,Boston Celtics,Philadelphia 76ers
Wed Oct 23 2019,Sacramento Kings,Phoenix Suns
Wed Oct 23 2019,Denver Nuggets,Portland Trail Blazers
Wed Oct 23 2019,New York Knicks,San Antonio Spurs
Wed Oct 23 2019,Oklahoma City Thunder,Utah Jazz
Thu Oct 24 2019,Atlanta Hawks,Detroit Pistons
Thu Oct 24 2019,Los Angeles Clippers,Golden State Warriors
Thu Oct 24 2019,Milwaukee Bucks,Houston Rockets
Fri Oct 25 2019,Toronto Raptors,Boston Celtics
Fri Oct 25 2019,New York Knicks,Brooklyn Nets
Fri Oct 25 2019,Minnesota Timberwolves,Charlotte Hornets
Fri Oct 25 2019,Phoenix Suns,Denver Nuggets
Fri Oct 25 2019,Utah Jazz,Los Angeles Lakers
Fri Oct 25 2019,Chicago Bulls,Memphis Grizzlies
Fri Oct 25 2019,Dallas Mavericks,New Orleans Pelicans
Fri Oct 25 2019,Washington Wizards,Oklahoma City Thunder
Fri Oct 25 2019,Portland Trail Blazers,Sacramento Kings
Sat Oct 26 2019,Orlando Magic,Atlanta Hawks
Sat Oct 26 2019,Toronto Raptors,Chicago Bulls
Sat Oct 26 2019,Indiana Pacers,Cleveland Cavaliers
Sat Oct 26 2019,Philadelphia 76ers,Detroit Pistons
Sat Oct 26 2019,New Orleans Pelicans,Houston Rockets
Sat Oct 26 2019,Miami Heat,Milwaukee Bucks
Sat Oct 26 2019,Boston Celtics,New York Knicks
Sat Oct 26 2019,Los Angeles Clippers,Phoenix Suns
Sat Oct 26 2019,Washington Wizards,San Antonio Spurs
Sat Oct 26 2019,Sacramento Kings,Utah Jazz
Sun Oct 27 2019,Portland Trail Blazers,Dallas Mavericks
Sun Oct 27 2019,Charlotte Hornets,Los Angeles Lakers
Sun Oct 27 2019,Brooklyn Nets,Memphis Grizzlies
Sun Oct 27 2019,Miami Heat,Minnesota Timberwolves
Sun Oct 27 2019,Golden State Warriors,Oklahoma City Thunder
Mon Oct 28 2019,Philadelphia 76ers,Atlanta Hawks
Mon Oct 28 2019,Indiana Pacers,Detroit Pistons
Mon Oct 28 2019,Oklahoma City Thunder,Houston Rockets
Mon Oct 28 2019,Charlotte Hornets,Los Angeles Clippers
Mon Oct 28 2019,Cleveland Cavaliers,Milwaukee Bucks
Mon Oct 28 2019,Golden State Warriors,New Orleans Pelicans
Mon Oct 28 2019,Chicago Bulls,New York Knicks
Mon Oct 28 2019,Utah Jazz,Phoenix Suns
Mon Oct 28 2019,Denver Nuggets,Sacramento Kings
Mon Oct 28 2019,Portland Trail Blazers,San Antonio Spurs
Mon Oct 28 2019,Orlando Magic,Toronto Raptors
Tue Oct 29 2019,Dallas Mavericks,Denver Nuggets
Tue Oct 29 2019,Memphis Grizzlies,Los Angeles Lakers
Tue Oct 29 2019,Atlanta Hawks,Miami Heat
Wed Oct 30 2019,Milwaukee Bucks,Boston Celtics
Wed Oct 30 2019,Indiana Pacers,Brooklyn Nets
Wed Oct 30 2019,Chicago Bulls,Cleveland Cavaliers
Wed Oct 30 2019,Phoenix Suns,Golden State Warriors
Wed Oct 30 2019,Portland Trail Blazers,Oklahoma City Thunder
Wed Oct 30 2019,New York Knicks,Orlando Magic
Wed Oct 30 2019,Minnesota Timberwolves,Philadelphia 76ers
Wed Oct 30 2019,Charlotte Hornets,Sacramento Kings
Wed Oct 30 2019,Detroit Pistons,Toronto Raptors
Wed Oct 30 2019,Los Angeles Clippers,Utah Jazz
Wed Oct 30 2019,Houston Rockets,Washington Wizards
Thu Oct 31 2019,Miami Heat,Atlanta Hawks
Thu Oct 31 2019,San Antonio Spurs,Los Angeles Clippers
Thu Oct 31 2019,Denver Nuggets,New Orleans Pelicans
Fri Nov 1 2019,New York Knicks,Boston Celtics
Fri Nov 1 2019,Houston Rockets,Brooklyn Nets
Fri Nov 1 2019,Detroit Pistons,Chicago Bulls
Fri Nov 1 2019,Los Angeles Lakers,Dallas Mavericks
Fri Nov 1 2019,San Antonio Spurs,Golden State Warriors
Fri Nov 1 2019,Cleveland Cavaliers,Indiana Pacers
Fri Nov 1 2019,Milwaukee Bucks,Orlando Magic
Fri Nov 1 2019,Utah Jazz,Sacramento Kings
Sat Nov 2 2019,Brooklyn Nets,Detroit Pistons
Sat Nov 2 2019,Charlotte Hornets,Golden State Warriors
Sat Nov 2 2019,Phoenix Suns,Memphis Grizzlies
Sat Nov 2 2019,Toronto Raptors,Milwaukee Bucks
Sat Nov 2 2019,New Orleans Pelicans,Oklahoma City Thunder
Sat Nov 2 2019,Denver Nuggets,Orlando Magic
Sat Nov 2 2019,Philadelphia 76ers,Portland Trail Blazers
Sat Nov 2 2019,Minnesota Timberwolves,Washington Wizards
Sun Nov 3 2019,Dallas Mavericks,Cleveland Cavaliers
Sun Nov 3 2019,Chicago Bulls,Indiana Pacers
Sun Nov 3 2019,Utah Jazz,Los Angeles Clippers
Sun Nov 3 2019,Houston Rockets,Miami Heat
Sun Nov 3 2019,Sacramento Kings,New York Knicks
Sun Nov 3 2019,Los Angeles Lakers,San Antonio Spurs
Mon Nov 4 2019,New Orleans Pelicans,Brooklyn Nets
Mon Nov 4 2019,Portland Trail Blazers,Golden State Warriors
Mon Nov 4 2019,Houston Rockets,Memphis Grizzlies
Mon Nov 4 2019,Milwaukee Bucks,Minnesota Timberwolves
Mon Nov 4 2019,Philadelphia 76ers,Phoenix Suns
Mon Nov 4 2019,Detroit Pistons,Washington Wizards
Tue Nov 5 2019,San Antonio Spurs,Atlanta Hawks
Tue Nov 5 2019,Los Angeles Lakers,Chicago Bulls
Tue Nov 5 2019,Indiana Pacers,Charlotte Hornets
Tue Nov 5 2019,Boston Celtics,Cleveland Cavaliers
Tue Nov 5 2019,Miami Heat,Denver Nuggets
Tue Nov 5 2019,Orlando Magic,Oklahoma City Thunder
Wed Nov 6 2019,Chicago Bulls,Atlanta Hawks
Wed Nov 6 2019,Orlando Magic,Dallas Mavericks
Wed Nov 6 2019,New York Knicks,Detroit Pistons
Wed Nov 6 2019,Golden State Warriors,Houston Rockets
Wed Nov 6 2019,Washington Wizards,Indiana Pacers
Wed Nov 6 2019,Milwaukee Bucks,Los Angeles Clippers
Wed Nov 6 2019,Minnesota Timberwolves,Memphis Grizzlies
Wed Nov 6 2019,Sacramento Kings,Toronto Raptors
Wed Nov 6 2019,Philadelphia 76ers,Utah Jazz
Thu Nov 7 2019,Boston Celtics,Charlotte Hornets
Thu Nov 7 2019,Portland Trail Blazers,Los Angeles Clippers
Thu Nov 7 2019,Miami Heat,Phoenix Suns
Thu Nov 7 2019,Oklahoma City Thunder,San Antonio Spurs
Fri Nov 8 2019,Sacramento Kings,Atlanta Hawks
Fri Nov 8 2019,New York Knicks,Dallas Mavericks
Fri Nov 8 2019,Philadelphia 76ers,Denver Nuggets
Fri Nov 8 2019,Detroit Pistons,Indiana Pacers
Fri Nov 8 2019,Miami Heat,Los Angeles Lakers
Fri Nov 8 2019,Golden State Warriors,Minnesota Timberwolves
Fri Nov 8 2019,Toronto Raptors,New Orleans Pelicans
Fri Nov 8 2019,Memphis Grizzlies,Orlando Magic
Fri Nov 8 2019,Brooklyn Nets,Portland Trail Blazers
Fri Nov 8 2019,Milwaukee Bucks,Utah Jazz
Fri Nov 8 2019,Cleveland Cavaliers,Washington Wizards
Sat Nov 9 2019,Houston Rockets,Chicago Bulls
Sat Nov 9 2019,New Orleans Pelicans,Charlotte Hornets
Sat Nov 9 2019,Dallas Mavericks,Memphis Grizzlies
Sat Nov 9 2019,Golden State Warriors,Oklahoma City Thunder
Sat Nov 9 2019,Boston Celtics,San Antonio Spurs
Sun Nov 10 2019,Toronto Raptors,Los Angeles Lakers
Sun Nov 10 2019,Denver Nuggets,Minnesota Timberwolves
Sun Nov 10 2019,Cleveland Cavaliers,New York Knicks
Sun Nov 10 2019,Milwaukee Bucks,Oklahoma City Thunder
Sun Nov 10 2019,Indiana Pacers,Orlando Magic
Sun Nov 10 2019,Charlotte Hornets,Philadelphia 76ers
Sun Nov 10 2019,Brooklyn Nets,Phoenix Suns
Sun Nov 10 2019,Atlanta Hawks,Portland Trail Blazers
Mon Nov 11 2019,Dallas Mavericks,Boston Celtics
Mon Nov 11 2019,Minnesota Timberwolves,Detroit Pistons
Mon Nov 11 2019,Utah Jazz,Golden State Warriors
Mon Nov 11 2019,Toronto Raptors,Los Angeles Clippers
Mon Nov 11 2019,Houston Rockets,New Orleans Pelicans
Mon Nov 11 2019,Memphis Grizzlies,San Antonio Spurs
Tue Nov 12 2019,New York Knicks,Chicago Bulls
Tue Nov 12 2019,Atlanta Hawks,Denver Nuggets
Tue Nov 12 2019,Oklahoma City Thunder,Indiana Pacers
Tue Nov 12 2019,Detroit Pistons,Miami Heat
Tue Nov 12 2019,Cleveland Cavaliers,Philadelphia 76ers
Tue Nov 12 2019,Los Angeles Lakers,Phoenix Suns
Tue Nov 12 2019,Portland Trail Blazers,Sacramento Kings
Tue Nov 12 2019,Brooklyn Nets,Utah Jazz
Wed Nov 13 2019,Washington Wizards,Boston Celtics
Wed Nov 13 2019,Memphis Grizzlies,Charlotte Hornets
Wed Nov 13 2019,Los Angeles Clippers,Houston Rockets
Wed Nov 13 2019,Golden State Warriors,Los Angeles Lakers
Wed Nov 13 2019,San Antonio Spurs,Minnesota Timberwolves
Wed Nov 13 2019,Philadelphia 76ers,Orlando Magic
Wed Nov 13 2019,Toronto Raptors,Portland Trail Blazers
Thu Nov 14 2019,Miami Heat,Cleveland Cavaliers
Thu Nov 14 2019,Brooklyn Nets,Denver Nuggets
Thu Nov 14 2019,Chicago Bulls,Milwaukee Bucks
Thu Nov 14 2019,Los Angeles Clippers,New Orleans Pelicans
Thu Nov 14 2019,Dallas Mavericks,New York Knicks
Thu Nov 14 2019,Atlanta Hawks,Phoenix Suns
Fri Nov 15 2019,Detroit Pistons,Charlotte Hornets
Fri Nov 15 2019,Boston Celtics,Golden State Warriors
Fri Nov 15 2019,Indiana Pacers,Houston Rockets
Fri Nov 15 2019,Sacramento Kings,Los Angeles Lakers
Fri Nov 15 2019,Utah Jazz,Memphis Grizzlies
Fri Nov 15 2019,Washington Wizards,Minnesota Timberwolves
Fri Nov 15 2019,Philadelphia 76ers,Oklahoma City Thunder
Fri Nov 15 2019,San Antonio Spurs,Orlando Magic
Sat Nov 16 2019,Brooklyn Nets,Chicago Bulls
Sat Nov 16 2019,Toronto Raptors,Dallas Mavericks
Sat Nov 16 2019,Milwaukee Bucks,Indiana Pacers
Sat Nov 16 2019,Atlanta Hawks,Los Angeles Clippers
Sat Nov 16 2019,New Orleans Pelicans,Miami Heat
Sat Nov 16 2019,Houston Rockets,Minnesota Timberwolves
Sat Nov 16 2019,Charlotte Hornets,New York Knicks
Sat Nov 16 2019,Portland Trail Blazers,San Antonio Spurs
Sun Nov 17 2019,Philadelphia 76ers,Cleveland Cavaliers
Sun Nov 17 2019,Atlanta Hawks,Los Angeles Lakers
Sun Nov 17 2019,Denver Nuggets,Memphis Grizzlies
Sun Nov 17 2019,Golden State Warriors,New Orleans Pelicans
Sun Nov 17 2019,Washington Wizards,Orlando Magic
Sun Nov 17 2019,Boston Celtics,Sacramento Kings
Mon Nov 18 2019,Indiana Pacers,Brooklyn Nets
Mon Nov 18 2019,Milwaukee Bucks,Chicago Bulls
Mon Nov 18 2019,San Antonio Spurs,Dallas Mavericks
Mon Nov 18 2019,Portland Trail Blazers,Houston Rockets
Mon Nov 18 2019,Oklahoma City Thunder,Los Angeles Clippers
Mon Nov 18 2019,Cleveland Cavaliers,New York Knicks
Mon Nov 18 2019,Boston Celtics,Phoenix Suns
Mon Nov 18 2019,Charlotte Hornets,Toronto Raptors
Mon Nov 18 2019,Minnesota Timberwolves,Utah Jazz
Tue Nov 19 2019,Oklahoma City Thunder,Los Angeles Lakers
Tue Nov 19 2019,Golden State Warriors,Memphis Grizzlies
Tue Nov 19 2019,Portland Trail Blazers,New Orleans Pelicans
Tue Nov 19 2019,Phoenix Suns,Sacramento Kings
Wed Nov 20 2019,Milwaukee Bucks,Atlanta Hawks
Wed Nov 20 2019,Charlotte Hornets,Brooklyn Nets
Wed Nov 20 2019,Detroit Pistons,Chicago Bulls
Wed Nov 20 2019,Golden State Warriors,Dallas Mavericks
Wed Nov 20 2019,Houston Rockets,Denver Nuggets
Wed Nov 20 2019,Boston Celtics,Los Angeles Clippers
Wed Nov 20 2019,Cleveland Cavaliers,Miami Heat
Wed Nov 20 2019,Utah Jazz,Minnesota Timberwolves
Wed Nov 20 2019,New York Knicks,Philadelphia 76ers
Wed Nov 20 2019,Orlando Magic,Toronto Raptors
Wed Nov 20 2019,San Antonio Spurs,Washington Wizards
Thu Nov 21 2019,Portland Trail Blazers,Milwaukee Bucks
Thu Nov 21 2019,New Orleans Pelicans,Phoenix Suns
Fri Nov 22 2019,Sacramento Kings,Brooklyn Nets
Fri Nov 22 2019,Miami Heat,Chicago Bulls
Fri Nov 22 2019,Cleveland Cavaliers,Dallas Mavericks
Fri Nov 22 2019,Boston Celtics,Denver Nuggets
Fri Nov 22 2019,Atlanta Hawks,Detroit Pistons
Fri Nov 22 2019,Houston Rockets,Los Angeles Clippers
Fri Nov 22 2019,Los Angeles Lakers,Oklahoma City Thunder
Fri Nov 22 2019,San Antonio Spurs,Philadelphia 76ers
Fri Nov 22 2019,Golden State Warriors,Utah Jazz
Fri Nov 22 2019,Charlotte Hornets,Washington Wizards
Sat Nov 23 2019,Toronto Raptors,Atlanta Hawks
Sat Nov 23 2019,Chicago Bulls,Charlotte Hornets
Sat Nov 23 2019,Portland Trail Blazers,Cleveland Cavaliers
Sat Nov 23 2019,Orlando Magic,Indiana Pacers
Sat Nov 23 2019,Los Angeles Lakers,Memphis Grizzlies
Sat Nov 23 2019,Detroit Pistons,Milwaukee Bucks
Sat Nov 23 2019,Phoenix Suns,Minnesota Timberwolves
Sat Nov 23 2019,San Antonio Spurs,New York Knicks
Sat Nov 23 2019,Miami Heat,Philadelphia 76ers
Sat Nov 23 2019,New Orleans Pelicans,Utah Jazz
Sun Nov 24 2019,Phoenix Suns,Denver Nuggets
Sun Nov 24 2019,Dallas Mavericks,Houston Rockets
Sun Nov 24 2019,New Orleans Pelicans,Los Angeles Clippers
Sun Nov 24 2019,Brooklyn Nets,New York Knicks
Sun Nov 24 2019,Sacramento Kings,Washington Wizards
Mon Nov 25 2019,Minnesota Timberwolves,Atlanta Hawks
Mon Nov 25 2019,Sacramento Kings,Boston Celtics
Mon Nov 25 2019,Portland Trail Blazers,Chicago Bulls
Mon Nov 25 2019,Brooklyn Nets,Cleveland Cavaliers
Mon Nov 25 2019,Orlando Magic,Detroit Pistons
Mon Nov 25 2019,Oklahoma City Thunder,Golden State Warriors
Mon Nov 25 2019,Memphis Grizzlies,Indiana Pacers
Mon Nov 25 2019,Charlotte Hornets,Miami Heat
Mon Nov 25 2019,Utah Jazz,Milwaukee Bucks
Mon Nov 25 2019,Los Angeles Lakers,San Antonio Spurs
Mon Nov 25 2019,Philadelphia 76ers,Toronto Raptors
Tue Nov 26 2019,Los Angeles Clippers,Dallas Mavericks
Tue Nov 26 2019,Washington Wizards,Denver Nuggets
Wed Nov 27 2019,Brooklyn Nets,Boston Celtics
Wed Nov 27 2019,Detroit Pistons,Charlotte Hornets
Wed Nov 27 2019,Orlando Magic,Cleveland Cavaliers
Wed Nov 27 2019,Chicago Bulls,Golden State Warriors
Wed Nov 27 2019,Miami Heat,Houston Rockets
Wed Nov 27 2019,Utah Jazz,Indiana Pacers
Wed Nov 27 2019,Los Angeles Clippers,Memphis Grizzlies
Wed Nov 27 2019,Atlanta Hawks,Milwaukee Bucks
Wed Nov 27 2019,Los Angeles Lakers,New Orleans Pelicans
Wed Nov 27 2019,Sacramento Kings,Philadelphia 76ers
Wed Nov 27 2019,Washington Wizards,Phoenix Suns
Wed Nov 27 2019,Oklahoma City Thunder,Portland Trail Blazers
Wed Nov 27 2019,Minnesota Timberwolves,San Antonio Spurs
Wed Nov 27 2019,New York Knicks,Toronto Raptors
Fri Nov 29 2019,Boston Celtics,Brooklyn Nets
Fri Nov 29 2019,Milwaukee Bucks,Cleveland Cavaliers
Fri Nov 29 2019,Charlotte Hornets,Detroit Pistons
Fri Nov 29 2019,Atlanta Hawks,Indiana Pacers
Fri Nov 29 2019,Washington Wizards,Los Angeles Lakers
Fri Nov 29 2019,Utah Jazz,Memphis Grizzlies
Fri Nov 29 2019,Golden State Warriors,Miami Heat
Fri Nov 29 2019,Philadelphia 76ers,New York Knicks
Fri Nov 29 2019,New Orleans Pelicans,Oklahoma City Thunder
Fri Nov 29 2019,Toronto Raptors,Orlando Magic
Fri Nov 29 2019,Dallas Mavericks,Phoenix Suns
Fri Nov 29 2019,Chicago Bulls,Portland Trail Blazers
Fri Nov 29 2019,Los Angeles Clippers,San Antonio Spurs
Sat Nov 30 2019,Atlanta Hawks,Houston Rockets
Sat Nov 30 2019,Charlotte Hornets,Milwaukee Bucks
Sat Nov 30 2019,Indiana Pacers,Philadelphia 76ers
Sat Nov 30 2019,Denver Nuggets,Sacramento Kings
Sun Dec 1 2019,Miami Heat,Brooklyn Nets
Sun Dec 1 2019,San Antonio Spurs,Detroit Pistons
Sun Dec 1 2019,Washington Wizards,Los Angeles Clippers
Sun Dec 1 2019,Dallas Mavericks,Los Angeles Lakers
Sun Dec 1 2019,Memphis Grizzlies,Minnesota Timberwolves
Sun Dec 1 2019,Oklahoma City Thunder,New Orleans Pelicans
Sun Dec 1 2019,Boston Celtics,New York Knicks
Sun Dec 1 2019,Golden State Warriors,Orlando Magic
Sun Dec 1 2019,Utah Jazz,Toronto Raptors
Mon Dec 2 2019,Golden State Warriors,Atlanta Hawks
Mon Dec 2 2019,Phoenix Suns,Charlotte Hornets
Mon Dec 2 2019,Indiana Pacers,Memphis Grizzlies
Mon Dec 2 2019,New York Knicks,Milwaukee Bucks
Mon Dec 2 2019,Utah Jazz,Philadelphia 76ers
Mon Dec 2 2019,Chicago Bulls,Sacramento Kings
Tue Dec 3 2019,Detroit Pistons,Cleveland Cavaliers
Tue Dec 3 2019,Los Angeles Lakers,Denver Nuggets
Tue Dec 3 2019,Portland Trail Blazers,Los Angeles Clippers
Tue Dec 3 2019,Dallas Mavericks,New Orleans Pelicans
Tue Dec 3 2019,Houston Rockets,San Antonio Spurs
Tue Dec 3 2019,Miami Heat,Toronto Raptors
Tue Dec 3 2019,Orlando Magic,Washington Wizards
Wed Dec 4 2019,Brooklyn Nets,Atlanta Hawks
Wed Dec 4 2019,Miami Heat,Boston Celtics
Wed Dec 4 2019,Memphis Grizzlies,Chicago Bulls
Wed Dec 4 2019,Golden State Warriors,Charlotte Hornets
Wed Dec 4 2019,Minnesota Timberwolves,Dallas Mavericks
Wed Dec 4 2019,Milwaukee Bucks,Detroit Pistons
Wed Dec 4 2019,Indiana Pacers,Oklahoma City Thunder
Wed Dec 4 2019,Phoenix Suns,Orlando Magic
Wed Dec 4 2019,Sacramento Kings,Portland Trail Blazers
Wed Dec 4 2019,Los Angeles Lakers,Utah Jazz
Thu Dec 5 2019,Phoenix Suns,New Orleans Pelicans
Thu Dec 5 2019,Denver Nuggets,New York Knicks
Thu Dec 5 2019,Houston Rockets,Toronto Raptors
Thu Dec 5 2019,Philadelphia 76ers,Washington Wizards
Fri Dec 6 2019,Denver Nuggets,Boston Celtics
Fri Dec 6 2019,Golden State Warriors,Chicago Bulls
Fri Dec 6 2019,Brooklyn Nets,Charlotte Hornets
Fri Dec 6 2019,Orlando Magic,Cleveland Cavaliers
Fri Dec 6 2019,Indiana Pacers,Detroit Pistons
Fri Dec 6 2019,Washington Wizards,Miami Heat
Fri Dec 6 2019,Los Angeles Clippers,Milwaukee Bucks
Fri Dec 6 2019,Minnesota Timberwolves,Oklahoma City Thunder
Fri Dec 6 2019,Los Angeles Lakers,Portland Trail Blazers
Fri Dec 6 2019,Sacramento Kings,San Antonio Spurs
Sat Dec 7 2019,New Orleans Pelicans,Dallas Mavericks
Sat Dec 7 2019,Phoenix Suns,Houston Rockets
Sat Dec 7 2019,Indiana Pacers,New York Knicks
Sat Dec 7 2019,Cleveland Cavaliers,Philadelphia 76ers
Sat Dec 7 2019,Memphis Grizzlies,Utah Jazz
Sun Dec 8 2019,Denver Nuggets,Brooklyn Nets
Sun Dec 8 2019,Atlanta Hawks,Charlotte Hornets
Sun Dec 8 2019,Sacramento Kings,Dallas Mavericks
Sun Dec 8 2019,Minnesota Timberwolves,Los Angeles Lakers
Sun Dec 8 2019,Chicago Bulls,Miami Heat
Sun Dec 8 2019,Toronto Raptors,Philadelphia 76ers
Sun Dec 8 2019,Oklahoma City Thunder,Portland Trail Blazers
Sun Dec 8 2019,Los Angeles Clippers,Washington Wizards
Mon Dec 9 2019,Cleveland Cavaliers,Boston Celtics
Mon Dec 9 2019,Toronto Raptors,Chicago Bulls
Mon Dec 9 2019,Memphis Grizzlies,Golden State Warriors
Mon Dec 9 2019,Sacramento Kings,Houston Rockets
Mon Dec 9 2019,Los Angeles Clippers,Indiana Pacers
Mon Dec 9 2019,Orlando Magic,Milwaukee Bucks
Mon Dec 9 2019,Detroit Pistons,New Orleans Pelicans
Mon Dec 9 2019,Minnesota Timberwolves,Phoenix Suns
Mon Dec 9 2019,Oklahoma City Thunder,Utah Jazz
Tue Dec 10 2019,Washington Wizards,Charlotte Hornets
Tue Dec 10 2019,Atlanta Hawks,Miami Heat
Tue Dec 10 2019,Denver Nuggets,Philadelphia 76ers
Tue Dec 10 2019,New York Knicks,Portland Trail Blazers
Wed Dec 11 2019,Charlotte Hornets,Brooklyn Nets
Wed Dec 11 2019,Atlanta Hawks,Chicago Bulls
Wed Dec 11 2019,Houston Rockets,Cleveland Cavaliers
Wed Dec 11 2019,New York Knicks,Golden State Warriors
Wed Dec 11 2019,Boston Celtics,Indiana Pacers
Wed Dec 11 2019,New Orleans Pelicans,Milwaukee Bucks
Wed Dec 11 2019,Utah Jazz,Minnesota Timberwolves
Wed Dec 11 2019,Los Angeles Lakers,Orlando Magic
Wed Dec 11 2019,Memphis Grizzlies,Phoenix Suns
Wed Dec 11 2019,Oklahoma City Thunder,Sacramento Kings
Wed Dec 11 2019,Los Angeles Clippers,Toronto Raptors
Thu Dec 12 2019,Philadelphia 76ers,Boston Celtics
Thu Dec 12 2019,Portland Trail Blazers,Denver Nuggets
Thu Dec 12 2019,Dallas Mavericks,Detroit Pistons
Thu Dec 12 2019,Cleveland Cavaliers,San Antonio Spurs
Fri Dec 13 2019,Indiana Pacers,Atlanta Hawks
Fri Dec 13 2019,Charlotte Hornets,Chicago Bulls
Fri Dec 13 2019,Milwaukee Bucks,Memphis Grizzlies
Fri Dec 13 2019,Los Angeles Lakers,Miami Heat
Fri Dec 13 2019,Los Angeles Clippers,Minnesota Timberwolves
Fri Dec 13 2019,Houston Rockets,Orlando Magic
Fri Dec 13 2019,New Orleans Pelicans,Philadelphia 76ers
Fri Dec 13 2019,New York Knicks,Sacramento Kings
Fri Dec 13 2019,Golden State Warriors,Utah Jazz
Sat Dec 14 2019,Los Angeles Clippers,Chicago Bulls
Sat Dec 14 2019,Miami Heat,Dallas Mavericks
Sat Dec 14 2019,Oklahoma City Thunder,Denver Nuggets
Sat Dec 14 2019,Detroit Pistons,Houston Rockets
Sat Dec 14 2019,Washington Wizards,Memphis Grizzlies
Sat Dec 14 2019,Cleveland Cavaliers,Milwaukee Bucks
Sat Dec 14 2019,San Antonio Spurs,Phoenix Suns
Sat Dec 14 2019,Brooklyn Nets,Toronto Raptors
Sun Dec 15 2019,Los Angeles Lakers,Atlanta Hawks
Sun Dec 15 2019,Philadelphia 76ers,Brooklyn Nets
Sun Dec 15 2019,New York Knicks,Denver Nuggets
Sun Dec 15 2019,Sacramento Kings,Golden State Warriors
Sun Dec 15 2019,Charlotte Hornets,Indiana Pacers
Sun Dec 15 2019,Orlando Magic,New Orleans Pelicans
Mon Dec 16 2019,Washington Wizards,Detroit Pistons
Mon Dec 16 2019,San Antonio Spurs,Houston Rockets
Mon Dec 16 2019,Miami Heat,Memphis Grizzlies
Mon Dec 16 2019,Dallas Mavericks,Milwaukee Bucks
Mon Dec 16 2019,Chicago Bulls,Oklahoma City Thunder
Mon Dec 16 2019,Portland Trail Blazers,Phoenix Suns
Mon Dec 16 2019,Cleveland Cavaliers,Toronto Raptors
Tue Dec 17 2019,Sacramento Kings,Charlotte Hornets
Tue Dec 17 2019,Los Angeles Lakers,Indiana Pacers
Tue Dec 17 2019,Phoenix Suns,Los Angeles Clippers
Tue Dec 17 2019,Brooklyn Nets,New Orleans Pelicans
Tue Dec 17 2019,Atlanta Hawks,New York Knicks
Tue Dec 17 2019,Orlando Magic,Utah Jazz
Wed Dec 18 2019,Charlotte Hornets,Cleveland Cavaliers
Wed Dec 18 2019,Boston Celtics,Dallas Mavericks
Wed Dec 18 2019,Orlando Magic,Denver Nuggets
Wed Dec 18 2019,Toronto Raptors,Detroit Pistons
Wed Dec 18 2019,New Orleans Pelicans,Minnesota Timberwolves
Wed Dec 18 2019,Memphis Grizzlies,Oklahoma City Thunder
Wed Dec 18 2019,Miami Heat,Philadelphia 76ers
Wed Dec 18 2019,Golden State Warriors,Portland Trail Blazers
Wed Dec 18 2019,Chicago Bulls,Washington Wizards
Thu Dec 19 2019,Utah Jazz,Atlanta Hawks
Thu Dec 19 2019,Houston Rockets,Los Angeles Clippers
Thu Dec 19 2019,Los Angeles Lakers,Milwaukee Bucks
Thu Dec 19 2019,Brooklyn Nets,San Antonio Spurs
Fri Dec 20 2019,Detroit Pistons,Boston Celtics
Fri Dec 20 2019,Memphis Grizzlies,Cleveland Cavaliers
Fri Dec 20 2019,Minnesota Timberwolves,Denver Nuggets
Fri Dec 20 2019,New Orleans Pelicans,Golden State Warriors
Fri Dec 20 2019,Sacramento Kings,Indiana Pacers
Fri Dec 20 2019,New York Knicks,Miami Heat
Fri Dec 20 2019,Phoenix Suns,Oklahoma City Thunder
Fri Dec 20 2019,Dallas Mavericks,Philadelphia 76ers
Fri Dec 20 2019,Orlando Magic,Portland Trail Blazers
Fri Dec 20 2019,Washington Wizards,Toronto Raptors
Sat Dec 21 2019,Atlanta Hawks,Brooklyn Nets
Sat Dec 21 2019,Utah Jazz,Charlotte Hornets
Sat Dec 21 2019,Chicago Bulls,Detroit Pistons
Sat Dec 21 2019,Sacramento Kings,Memphis Grizzlies
Sat Dec 21 2019,Milwaukee Bucks,New York Knicks
Sat Dec 21 2019,Washington Wizards,Philadelphia 76ers
Sat Dec 21 2019,Houston Rockets,Phoenix Suns
Sat Dec 21 2019,Minnesota Timberwolves,Portland Trail Blazers
Sat Dec 21 2019,Los Angeles Clippers,San Antonio Spurs
Sun Dec 22 2019,Charlotte Hornets,Boston Celtics
Sun Dec 22 2019,Denver Nuggets,Los Angeles Lakers
Sun Dec 22 2019,Indiana Pacers,Milwaukee Bucks
Sun Dec 22 2019,Los Angeles Clippers,Oklahoma City Thunder
Sun Dec 22 2019,Dallas Mavericks,Toronto Raptors
Mon Dec 23 2019,Atlanta Hawks,Cleveland Cavaliers
Mon Dec 23 2019,Philadelphia 76ers,Detroit Pistons
Mon Dec 23 2019,Minnesota Timberwolves,Golden State Warriors
Mon Dec 23 2019,Toronto Raptors,Indiana Pacers
Mon Dec 23 2019,San Antonio Spurs,Memphis Grizzlies
Mon Dec 23 2019,Utah Jazz,Miami Heat
Mon Dec 23 2019,Washington Wizards,New York Knicks
Mon Dec 23 2019,Chicago Bulls,Orlando Magic
Mon Dec 23 2019,Denver Nuggets,Phoenix Suns
Mon Dec 23 2019,New Orleans Pelicans,Portland Trail Blazers
Mon Dec 23 2019,Houston Rockets,Sacramento Kings
Wed Dec 25 2019,New Orleans Pelicans,Denver Nuggets
Wed Dec 25 2019,Houston Rockets,Golden State Warriors
Wed Dec 25 2019,Los Angeles Clippers,Los Angeles Lakers
Wed Dec 25 2019,Milwaukee Bucks,Philadelphia 76ers
Wed Dec 25 2019,Boston Celtics,Toronto Raptors
Thu Dec 26 2019,New York Knicks,Brooklyn Nets
Thu Dec 26 2019,San Antonio Spurs,Dallas Mavericks
Thu Dec 26 2019,Washington Wizards,Detroit Pistons
Thu Dec 26 2019,Memphis Grizzlies,Oklahoma City Thunder
Thu Dec 26 2019,Minnesota Timberwolves,Sacramento Kings
Thu Dec 26 2019,Portland Trail Blazers,Utah Jazz
Fri Dec 27 2019,Milwaukee Bucks,Atlanta Hawks
Fri Dec 27 2019,Cleveland Cavaliers,Boston Celtics
Fri Dec 27 2019,Oklahoma City Thunder,Charlotte Hornets
Fri Dec 27 2019,Phoenix Suns,Golden State Warriors
Fri Dec 27 2019,Indiana Pacers,Miami Heat
Fri Dec 27 2019,Philadelphia 76ers,Orlando Magic
Sat Dec 28 2019,Toronto Raptors,Boston Celtics
Sat Dec 28 2019,Atlanta Hawks,Chicago Bulls
Sat Dec 28 2019,Memphis Grizzlies,Denver Nuggets
Sat Dec 28 2019,Dallas Mavericks,Golden State Warriors
Sat Dec 28 2019,Brooklyn Nets,Houston Rockets
Sat Dec 28 2019,Utah Jazz,Los Angeles Clippers
Sat Dec 28 2019,Philadelphia 76ers,Miami Heat
Sat Dec 28 2019,Orlando Magic,Milwaukee Bucks
Sat Dec 28 2019,Cleveland Cavaliers,Minnesota Timberwolves
Sat Dec 28 2019,Indiana Pacers,New Orleans Pelicans
Sat Dec 28 2019,Los Angeles Lakers,Portland Trail Blazers
Sat Dec 28 2019,Phoenix Suns,Sacramento Kings
Sat Dec 28 2019,Detroit Pistons,San Antonio Spurs
Sat Dec 28 2019,New York Knicks,Washington Wizards
Sun Dec 29 2019,Sacramento Kings,Denver Nuggets
Sun Dec 29 2019,Dallas Mavericks,Los Angeles Lakers
Sun Dec 29 2019,Charlotte Hornets,Memphis Grizzlies
Sun Dec 29 2019,Houston Rockets,New Orleans Pelicans
Sun Dec 29 2019,Oklahoma City Thunder,Toronto Raptors
Mon Dec 30 2019,Milwaukee Bucks,Chicago Bulls
Mon Dec 30 2019,Brooklyn Nets,Minnesota Timberwolves
Mon Dec 30 2019,Atlanta Hawks,Orlando Magic
Mon Dec 30 2019,Phoenix Suns,Portland Trail Blazers
Mon Dec 30 2019,Detroit Pistons,Utah Jazz
Mon Dec 30 2019,Miami Heat,Washington Wizards
Tue Dec 31 2019,Boston Celtics,Charlotte Hornets
Tue Dec 31 2019,Denver Nuggets,Houston Rockets
Tue Dec 31 2019,Philadelphia 76ers,Indiana Pacers
Tue Dec 31 2019,Dallas Mavericks,Oklahoma City Thunder
Tue Dec 31 2019,Los Angeles Clippers,Sacramento Kings
Tue Dec 31 2019,Golden State Warriors,San Antonio Spurs
Tue Dec 31 2019,Cleveland Cavaliers,Toronto Raptors
Wed Jan 1 2020,Phoenix Suns,Los Angeles Lakers
Wed Jan 1 2020,Minnesota Timberwolves,Milwaukee Bucks
Wed Jan 1 2020,Portland Trail Blazers,New York Knicks
Wed Jan 1 2020,Orlando Magic,Washington Wizards
Thu Jan 2 2020,Utah Jazz,Chicago Bulls
Thu Jan 2 2020,Charlotte Hornets,Cleveland Cavaliers
Thu Jan 2 2020,Brooklyn Nets,Dallas Mavericks
Thu Jan 2 2020,Denver Nuggets,Indiana Pacers
Thu Jan 2 2020,Detroit Pistons,Los Angeles Clippers
Thu Jan 2 2020,Toronto Raptors,Miami Heat
Thu Jan 2 2020,Golden State Warriors,Minnesota Timberwolves
Thu Jan 2 2020,Memphis Grizzlies,Sacramento Kings
Thu Jan 2 2020,Oklahoma City Thunder,San Antonio Spurs
Fri Jan 3 2020,Atlanta Hawks,Boston Celtics
Fri Jan 3 2020,Philadelphia 76ers,Houston Rockets
Fri Jan 3 2020,New Orleans Pelicans,Los Angeles Lakers
Fri Jan 3 2020,Miami Heat,Orlando Magic
Fri Jan 3 2020,New York Knicks,Phoenix Suns
Fri Jan 3 2020,Portland Trail Blazers,Washington Wizards
Sat Jan 4 2020,Indiana Pacers,Atlanta Hawks
Sat Jan 4 2020,Toronto Raptors,Brooklyn Nets
Sat Jan 4 2020,Boston Celtics,Chicago Bulls
Sat Jan 4 2020,Oklahoma City Thunder,Cleveland Cavaliers
Sat Jan 4 2020,Charlotte Hornets,Dallas Mavericks
Sat Jan 4 2020,Detroit Pistons,Golden State Warriors
Sat Jan 4 2020,Memphis Grizzlies,Los Angeles Clippers
Sat Jan 4 2020,San Antonio Spurs,Milwaukee Bucks
Sat Jan 4 2020,Utah Jazz,Orlando Magic
Sat Jan 4 2020,New Orleans Pelicans,Sacramento Kings
Sat Jan 4 2020,Denver Nuggets,Washington Wizards
Sun Jan 5 2020,Minnesota Timberwolves,Cleveland Cavaliers
Sun Jan 5 2020,New York Knicks,Los Angeles Clippers
Sun Jan 5 2020,Detroit Pistons,Los Angeles Lakers
Sun Jan 5 2020,Portland Trail Blazers,Miami Heat
Sun Jan 5 2020,Memphis Grizzlies,Phoenix Suns
Mon Jan 6 2020,Denver Nuggets,Atlanta Hawks
Mon Jan 6 2020,Indiana Pacers,Charlotte Hornets
Mon Jan 6 2020,Chicago Bulls,Dallas Mavericks
Mon Jan 6 2020,Utah Jazz,New Orleans Pelicans
Mon Jan 6 2020,Brooklyn Nets,Orlando Magic
Mon Jan 6 2020,Oklahoma City Thunder,Philadelphia 76ers
Mon Jan 6 2020,Golden State Warriors,Sacramento Kings
Mon Jan 6 2020,Milwaukee Bucks,San Antonio Spurs
Mon Jan 6 2020,Boston Celtics,Washington Wizards
Tue Jan 7 2020,Oklahoma City Thunder,Brooklyn Nets
Tue Jan 7 2020,Detroit Pistons,Cleveland Cavaliers
Tue Jan 7 2020,New York Knicks,Los Angeles Lakers
Tue Jan 7 2020,Minnesota Timberwolves,Memphis Grizzlies
Tue Jan 7 2020,Sacramento Kings,Phoenix Suns
Tue Jan 7 2020,Portland Trail Blazers,Toronto Raptors
Wed Jan 8 2020,Houston Rockets,Atlanta Hawks
Wed Jan 8 2020,San Antonio Spurs,Boston Celtics
Wed Jan 8 2020,Toronto Raptors,Charlotte Hornets
Wed Jan 8 2020,Denver Nuggets,Dallas Mavericks
Wed Jan 8 2020,Milwaukee Bucks,Golden State Warriors
Wed Jan 8 2020,Miami Heat,Indiana Pacers
Wed Jan 8 2020,Chicago Bulls,New Orleans Pelicans
Wed Jan 8 2020,Washington Wizards,Orlando Magic
Wed Jan 8 2020,New York Knicks,Utah Jazz
Thu Jan 9 2020,Cleveland Cavaliers,Detroit Pistons
Thu Jan 9 2020,Portland Trail Blazers,Minnesota Timberwolves
Thu Jan 9 2020,Houston Rockets,Oklahoma City Thunder
Thu Jan 9 2020,Boston Celtics,Philadelphia 76ers
Fri Jan 10 2020,Miami Heat,Brooklyn Nets
Fri Jan 10 2020,Indiana Pacers,Chicago Bulls
Fri Jan 10 2020,Los Angeles Lakers,Dallas Mavericks
Fri Jan 10 2020,Golden State Warriors,Los Angeles Clippers
Fri Jan 10 2020,San Antonio Spurs,Memphis Grizzlies
Fri Jan 10 2020,New Orleans Pelicans,New York Knicks
Fri Jan 10 2020,Orlando Magic,Phoenix Suns
Fri Jan 10 2020,Milwaukee Bucks,Sacramento Kings
Fri Jan 10 2020,Charlotte Hornets,Utah Jazz
Fri Jan 10 2020,Atlanta Hawks,Washington Wizards
Sat Jan 11 2020,New Orleans Pelicans,Boston Celtics
Sat Jan 11 2020,Philadelphia 76ers,Dallas Mavericks
Sat Jan 11 2020,Cleveland Cavaliers,Denver Nuggets
Sat Jan 11 2020,Chicago Bulls,Detroit Pistons
Sat Jan 11 2020,Minnesota Timberwolves,Houston Rockets
Sat Jan 11 2020,Los Angeles Lakers,Oklahoma City Thunder
Sat Jan 11 2020,Milwaukee Bucks,Portland Trail Blazers
Sun Jan 12 2020,Atlanta Hawks,Brooklyn Nets
Sun Jan 12 2020,Los Angeles Clippers,Denver Nuggets
Sun Jan 12 2020,Golden State Warriors,Memphis Grizzlies
Sun Jan 12 2020,Miami Heat,New York Knicks
Sun Jan 12 2020,Charlotte Hornets,Phoenix Suns
Sun Jan 12 2020,San Antonio Spurs,Toronto Raptors
Sun Jan 12 2020,Utah Jazz,Washington Wizards
Mon Jan 13 2020,Chicago Bulls,Boston Celtics
Mon Jan 13 2020,New Orleans Pelicans,Detroit Pistons
Mon Jan 13 2020,Philadelphia 76ers,Indiana Pacers
Mon Jan 13 2020,Cleveland Cavaliers,Los Angeles Lakers
Mon Jan 13 2020,Oklahoma City Thunder,Minnesota Timberwolves
Mon Jan 13 2020,Charlotte Hornets,Portland Trail Blazers
Mon Jan 13 2020,Orlando Magic,Sacramento Kings
Tue Jan 14 2020,Phoenix Suns,Atlanta Hawks
Tue Jan 14 2020,Utah Jazz,Brooklyn Nets
Tue Jan 14 2020,Dallas Mavericks,Golden State Warriors
Tue Jan 14 2020,Cleveland Cavaliers,Los Angeles Clippers
Tue Jan 14 2020,Houston Rockets,Memphis Grizzlies
Tue Jan 14 2020,New York Knicks,Milwaukee Bucks
Wed Jan 15 2020,Detroit Pistons,Boston Celtics
Wed Jan 15 2020,Washington Wizards,Chicago Bulls
Wed Jan 15 2020,Charlotte Hornets,Denver Nuggets
Wed Jan 15 2020,Portland Trail Blazers,Houston Rockets
Wed Jan 15 2020,Orlando Magic,Los Angeles Lakers
Wed Jan 15 2020,San Antonio Spurs,Miami Heat
Wed Jan 15 2020,Indiana Pacers,Minnesota Timberwolves
Wed Jan 15 2020,Toronto Raptors,Oklahoma City Thunder
Wed Jan 15 2020,Brooklyn Nets,Philadelphia 76ers
Wed Jan 15 2020,Dallas Mavericks,Sacramento Kings
Thu Jan 16 2020,Denver Nuggets,Golden State Warriors
Thu Jan 16 2020,Orlando Magic,Los Angeles Clippers
Thu Jan 16 2020,Boston Celtics,Milwaukee Bucks
Thu Jan 16 2020,Utah Jazz,New Orleans Pelicans
Thu Jan 16 2020,Phoenix Suns,New York Knicks
Fri Jan 17 2020,Portland Trail Blazers,Dallas Mavericks
Fri Jan 17 2020,Minnesota Timberwolves,Indiana Pacers
Fri Jan 17 2020,Cleveland Cavaliers,Memphis Grizzlies
Fri Jan 17 2020,Miami Heat,Oklahoma City Thunder
Fri Jan 17 2020,Chicago Bulls,Philadelphia 76ers
Fri Jan 17 2020,Atlanta Hawks,San Antonio Spurs
Fri Jan 17 2020,Washington Wizards,Toronto Raptors
Sat Jan 18 2020,Detroit Pistons,Atlanta Hawks
Sat Jan 18 2020,Phoenix Suns,Boston Celtics
Sat Jan 18 2020,Milwaukee Bucks,Brooklyn Nets
Sat Jan 18 2020,Cleveland Cavaliers,Chicago Bulls
Sat Jan 18 2020,Orlando Magic,Golden State Warriors
Sat Jan 18 2020,Los Angeles Lakers,Houston Rockets
Sat Jan 18 2020,Toronto Raptors,Minnesota Timberwolves
Sat Jan 18 2020,Los Angeles Clippers,New Orleans Pelicans
Sat Jan 18 2020,Philadelphia 76ers,New York Knicks
Sat Jan 18 2020,Portland Trail Blazers,Oklahoma City Thunder
Sat Jan 18 2020,Sacramento Kings,Utah Jazz
Sun Jan 19 2020,Indiana Pacers,Denver Nuggets
Sun Jan 19 2020,Miami Heat,San Antonio Spurs
Mon Jan 20 2020,Toronto Raptors,Atlanta Hawks
Mon Jan 20 2020,Los Angeles Lakers,Boston Celtics
Mon Jan 20 2020,Philadelphia 76ers,Brooklyn Nets
Mon Jan 20 2020,Orlando Magic,Charlotte Hornets
Mon Jan 20 2020,New York Knicks,Cleveland Cavaliers
Mon Jan 20 2020,Oklahoma City Thunder,Houston Rockets
Mon Jan 20 2020,New Orleans Pelicans,Memphis Grizzlies
Mon Jan 20 2020,Sacramento Kings,Miami Heat
Mon Jan 20 2020,Chicago Bulls,Milwaukee Bucks
Mon Jan 20 2020,Denver Nuggets,Minnesota Timberwolves
Mon Jan 20 2020,San Antonio Spurs,Phoenix Suns
Mon Jan 20 2020,Golden State Warriors,Portland Trail Blazers
Mon Jan 20 2020,Indiana Pacers,Utah Jazz
Mon Jan 20 2020,Detroit Pistons,Washington Wizards
Tue Jan 21 2020,Los Angeles Clippers,Dallas Mavericks
Wed Jan 22 2020,Los Angeles Clippers,Atlanta Hawks
Wed Jan 22 2020,Memphis Grizzlies,Boston Celtics
Wed Jan 22 2020,Minnesota Timberwolves,Chicago Bulls
Wed Jan 22 2020,Sacramento Kings,Detroit Pistons
Wed Jan 22 2020,Utah Jazz,Golden State Warriors
Wed Jan 22 2020,Denver Nuggets,Houston Rockets
Wed Jan 22 2020,Washington Wizards,Miami Heat
Wed Jan 22 2020,San Antonio Spurs,New Orleans Pelicans
Wed Jan 22 2020,Los Angeles Lakers,New York Knicks
Wed Jan 22 2020,Oklahoma City Thunder,Orlando Magic
Wed Jan 22 2020,Indiana Pacers,Phoenix Suns
Wed Jan 22 2020,Philadelphia 76ers,Toronto Raptors
Thu Jan 23 2020,Los Angeles Lakers,Brooklyn Nets
Thu Jan 23 2020,Washington Wizards,Cleveland Cavaliers
Thu Jan 23 2020,Dallas Mavericks,Portland Trail Blazers
Fri Jan 24 2020,Sacramento Kings,Chicago Bulls
Fri Jan 24 2020,Milwaukee Bucks,Charlotte Hornets
Fri Jan 24 2020,Memphis Grizzlies,Detroit Pistons
Fri Jan 24 2020,Indiana Pacers,Golden State Warriors
Fri Jan 24 2020,Los Angeles Clippers,Miami Heat
Fri Jan 24 2020,Houston Rockets,Minnesota Timberwolves
Fri Jan 24 2020,Denver Nuggets,New Orleans Pelicans
Fri Jan 24 2020,Toronto Raptors,New York Knicks
Fri Jan 24 2020,Atlanta Hawks,Oklahoma City Thunder
Fri Jan 24 2020,Boston Celtics,Orlando Magic
Fri Jan 24 2020,Phoenix Suns,San Antonio Spurs
Sat Jan 25 2020,Chicago Bulls,Cleveland Cavaliers
Sat Jan 25 2020,Brooklyn Nets,Detroit Pistons
Sat Jan 25 2020,Oklahoma City Thunder,Minnesota Timberwolves
Sat Jan 25 2020,Los Angeles Lakers,Philadelphia 76ers
Sat Jan 25 2020,Dallas Mavericks,Utah Jazz
Sun Jan 26 2020,Washington Wizards,Atlanta Hawks
Sun Jan 26 2020,Houston Rockets,Denver Nuggets
Sun Jan 26 2020,Phoenix Suns,Memphis Grizzlies
Sun Jan 26 2020,Boston Celtics,New Orleans Pelicans
Sun Jan 26 2020,Brooklyn Nets,New York Knicks
Sun Jan 26 2020,Los Angeles Clippers,Orlando Magic
Sun Jan 26 2020,Indiana Pacers,Portland Trail Blazers
Sun Jan 26 2020,Toronto Raptors,San Antonio Spurs
Mon Jan 27 2020,San Antonio Spurs,Chicago Bulls
Mon Jan 27 2020,Cleveland Cavaliers,Detroit Pistons
Mon Jan 27 2020,Orlando Magic,Miami Heat
Mon Jan 27 2020,Sacramento Kings,Minnesota Timberwolves
Mon Jan 27 2020,Dallas Mavericks,Oklahoma City Thunder
Mon Jan 27 2020,Houston Rockets,Utah Jazz
Tue Jan 28 2020,New York Knicks,Charlotte Hornets
Tue Jan 28 2020,New Orleans Pelicans,Cleveland Cavaliers
Tue Jan 28 2020,Phoenix Suns,Dallas Mavericks
Tue Jan 28 2020,Los Angeles Clippers,Los Angeles Lakers
Tue Jan 28 2020,Denver Nuggets,Memphis Grizzlies
Tue Jan 28 2020,Boston Celtics,Miami Heat
Tue Jan 28 2020,Washington Wizards,Milwaukee Bucks
Tue Jan 28 2020,Golden State Warriors,Philadelphia 76ers
Tue Jan 28 2020,Atlanta Hawks,Toronto Raptors
Wed Jan 29 2020,Detroit Pistons,Brooklyn Nets
Wed Jan 29 2020,Chicago Bulls,Indiana Pacers
Wed Jan 29 2020,Memphis Grizzlies,New York Knicks
Wed Jan 29 2020,Houston Rockets,Portland Trail Blazers
Wed Jan 29 2020,Oklahoma City Thunder,Sacramento Kings
Wed Jan 29 2020,Utah Jazz,San Antonio Spurs
Thu Jan 30 2020,Philadelphia 76ers,Atlanta Hawks
Thu Jan 30 2020,Golden State Warriors,Boston Celtics
Thu Jan 30 2020,Toronto Raptors,Cleveland Cavaliers
Thu Jan 30 2020,Utah Jazz,Denver Nuggets
Thu Jan 30 2020,Sacramento Kings,Los Angeles Clippers
Thu Jan 30 2020,Charlotte Hornets,Washington Wizards
Fri Jan 31 2020,Chicago Bulls,Brooklyn Nets
Fri Jan 31 2020,Toronto Raptors,Detroit Pistons
Fri Jan 31 2020,Dallas Mavericks,Houston Rockets
Fri Jan 31 2020,Portland Trail Blazers,Los Angeles Lakers
Fri Jan 31 2020,Denver Nuggets,Milwaukee Bucks
Fri Jan 31 2020,Memphis Grizzlies,New Orleans Pelicans
Fri Jan 31 2020,Oklahoma City Thunder,Phoenix Suns
Sat Feb 1 2020,Philadelphia 76ers,Boston Celtics
Sat Feb 1 2020,Golden State Warriors,Cleveland Cavaliers
Sat Feb 1 2020,Atlanta Hawks,Dallas Mavericks
Sat Feb 1 2020,New York Knicks,Indiana Pacers
Sat Feb 1 2020,Minnesota Timberwolves,Los Angeles Clippers
Sat Feb 1 2020,Miami Heat,Orlando Magic
Sat Feb 1 2020,Utah Jazz,Portland Trail Blazers
Sat Feb 1 2020,Los Angeles Lakers,Sacramento Kings
Sat Feb 1 2020,Charlotte Hornets,San Antonio Spurs
Sat Feb 1 2020,Brooklyn Nets,Washington Wizards
Sun Feb 2 2020,Denver Nuggets,Detroit Pistons
Sun Feb 2 2020,New Orleans Pelicans,Houston Rockets
Sun Feb 2 2020,Phoenix Suns,Milwaukee Bucks
Sun Feb 2 2020,Chicago Bulls,Toronto Raptors
Mon Feb 3 2020,Boston Celtics,Atlanta Hawks
Mon Feb 3 2020,Phoenix Suns,Brooklyn Nets
Mon Feb 3 2020,Orlando Magic,Charlotte Hornets
Mon Feb 3 2020,New York Knicks,Cleveland Cavaliers
Mon Feb 3 2020,Dallas Mavericks,Indiana Pacers
Mon Feb 3 2020,San Antonio Spurs,Los Angeles Clippers
Mon Feb 3 2020,Detroit Pistons,Memphis Grizzlies
Mon Feb 3 2020,Philadelphia 76ers,Miami Heat
Mon Feb 3 2020,Minnesota Timberwolves,Sacramento Kings
Mon Feb 3 2020,Golden State Warriors,Washington Wizards
Tue Feb 4 2020,Portland Trail Blazers,Denver Nuggets
Tue Feb 4 2020,Charlotte Hornets,Houston Rockets
Tue Feb 4 2020,San Antonio Spurs,Los Angeles Lakers
Tue Feb 4 2020,Milwaukee Bucks,New Orleans Pelicans
Wed Feb 5 2020,Orlando Magic,Boston Celtics
Wed Feb 5 2020,Golden State Warriors,Brooklyn Nets
Wed Feb 5 2020,Memphis Grizzlies,Dallas Mavericks
Wed Feb 5 2020,Phoenix Suns,Detroit Pistons
Wed Feb 5 2020,Miami Heat,Los Angeles Clippers
Wed Feb 5 2020,Atlanta Hawks,Minnesota Timberwolves
Wed Feb 5 2020,Cleveland Cavaliers,Oklahoma City Thunder
Wed Feb 5 2020,Indiana Pacers,Toronto Raptors
Wed Feb 5 2020,Denver Nuggets,Utah Jazz
Thu Feb 6 2020,New Orleans Pelicans,Chicago Bulls
Thu Feb 6 2020,Houston Rockets,Los Angeles Lakers
Thu Feb 6 2020,Philadelphia 76ers,Milwaukee Bucks
Thu Feb 6 2020,Orlando Magic,New York Knicks
Thu Feb 6 2020,San Antonio Spurs,Portland Trail Blazers
Fri Feb 7 2020,Atlanta Hawks,Boston Celtics
Fri Feb 7 2020,Toronto Raptors,Indiana Pacers
Fri Feb 7 2020,Detroit Pistons,Oklahoma City Thunder
Fri Feb 7 2020,Memphis Grizzlies,Philadelphia 76ers
Fri Feb 7 2020,Houston Rockets,Phoenix Suns
Fri Feb 7 2020,Miami Heat,Sacramento Kings
Fri Feb 7 2020,Portland Trail Blazers,Utah Jazz
Fri Feb 7 2020,Dallas Mavericks,Washington Wizards
Sat Feb 8 2020,Dallas Mavericks,Charlotte Hornets
Sat Feb 8 2020,New York Knicks,Detroit Pistons
Sat Feb 8 2020,Los Angeles Lakers,Golden State Warriors
Sat Feb 8 2020,New Orleans Pelicans,Indiana Pacers
Sat Feb 8 2020,Los Angeles Clippers,Minnesota Timberwolves
Sat Feb 8 2020,Milwaukee Bucks,Orlando Magic
Sat Feb 8 2020,Denver Nuggets,Phoenix Suns
Sat Feb 8 2020,San Antonio Spurs,Sacramento Kings
Sat Feb 8 2020,Brooklyn Nets,Toronto Raptors
Sun Feb 9 2020,New York Knicks,Atlanta Hawks
Sun Feb 9 2020,Los Angeles Clippers,Cleveland Cavaliers
Sun Feb 9 2020,Utah Jazz,Houston Rockets
Sun Feb 9 2020,Boston Celtics,Oklahoma City Thunder
Sun Feb 9 2020,Chicago Bulls,Philadelphia 76ers
Sun Feb 9 2020,Miami Heat,Portland Trail Blazers
Sun Feb 9 2020,Memphis Grizzlies,Washington Wizards
Mon Feb 10 2020,Utah Jazz,Dallas Mavericks
Mon Feb 10 2020,San Antonio Spurs,Denver Nuggets
Mon Feb 10 2020,Charlotte Hornets,Detroit Pistons
Mon Feb 10 2020,Miami Heat,Golden State Warriors
Mon Feb 10 2020,Brooklyn Nets,Indiana Pacers
Mon Feb 10 2020,Phoenix Suns,Los Angeles Lakers
Mon Feb 10 2020,Sacramento Kings,Milwaukee Bucks
Mon Feb 10 2020,Atlanta Hawks,Orlando Magic
Mon Feb 10 2020,Minnesota Timberwolves,Toronto Raptors
Tue Feb 11 2020,Boston Celtics,Houston Rockets
Tue Feb 11 2020,Portland Trail Blazers,New Orleans Pelicans
Tue Feb 11 2020,San Antonio Spurs,Oklahoma City Thunder
Tue Feb 11 2020,Los Angeles Clippers,Philadelphia 76ers
Tue Feb 11 2020,Chicago Bulls,Washington Wizards
Wed Feb 12 2020,Toronto Raptors,Brooklyn Nets
Wed Feb 12 2020,Atlanta Hawks,Cleveland Cavaliers
Wed Feb 12 2020,Sacramento Kings,Dallas Mavericks
Wed Feb 12 2020,Los Angeles Lakers,Denver Nuggets
Wed Feb 12 2020,Milwaukee Bucks,Indiana Pacers
Wed Feb 12 2020,Portland Trail Blazers,Memphis Grizzlies
Wed Feb 12 2020,Charlotte Hornets,Minnesota Timberwolves
Wed Feb 12 2020,Washington Wizards,New York Knicks
Wed Feb 12 2020,Detroit Pistons,Orlando Magic
Wed Feb 12 2020,Golden State Warriors,Phoenix Suns
Wed Feb 12 2020,Miami Heat,Utah Jazz
Thu Feb 13 2020,Los Angeles Clippers,Boston Celtics
Thu Feb 13 2020,Oklahoma City Thunder,New Orleans Pelicans
Thu Feb 20 2020,Miami Heat,Atlanta Hawks
Thu Feb 20 2020,Charlotte Hornets,Chicago Bulls
Thu Feb 20 2020,Milwaukee Bucks,Detroit Pistons
Thu Feb 20 2020,Houston Rockets,Golden State Warriors
Thu Feb 20 2020,Brooklyn Nets,Philadelphia 76ers
Thu Feb 20 2020,Memphis Grizzlies,Sacramento Kings
Fri Feb 21 2020,Memphis Grizzlies,Los Angeles Lakers
Fri Feb 21 2020,Boston Celtics,Minnesota Timberwolves
Fri Feb 21 2020,Indiana Pacers,New York Knicks
Fri Feb 21 2020,Denver Nuggets,Oklahoma City Thunder
Fri Feb 21 2020,Dallas Mavericks,Orlando Magic
Fri Feb 21 2020,New Orleans Pelicans,Portland Trail Blazers
Fri Feb 21 2020,Phoenix Suns,Toronto Raptors
Fri Feb 21 2020,San Antonio Spurs,Utah Jazz
Fri Feb 21 2020,Cleveland Cavaliers,Washington Wizards
Sat Feb 22 2020,Dallas Mavericks,Atlanta Hawks
Sat Feb 22 2020,Phoenix Suns,Chicago Bulls
Sat Feb 22 2020,Brooklyn Nets,Charlotte Hornets
Sat Feb 22 2020,Sacramento Kings,Los Angeles Clippers
Sat Feb 22 2020,Cleveland Cavaliers,Miami Heat
Sat Feb 22 2020,Philadelphia 76ers,Milwaukee Bucks
Sat Feb 22 2020,Houston Rockets,Utah Jazz
Sun Feb 23 2020,Washington Wizards,Chicago Bulls
Sun Feb 23 2020,Minnesota Timberwolves,Denver Nuggets
Sun Feb 23 2020,New Orleans Pelicans,Golden State Warriors
Sun Feb 23 2020,Boston Celtics,Los Angeles Lakers
Sun Feb 23 2020,San Antonio Spurs,Oklahoma City Thunder
Sun Feb 23 2020,Detroit Pistons,Portland Trail Blazers
Sun Feb 23 2020,Indiana Pacers,Toronto Raptors
Mon Feb 24 2020,Orlando Magic,Brooklyn Nets
Mon Feb 24 2020,Miami Heat,Cleveland Cavaliers
Mon Feb 24 2020,Minnesota Timberwolves,Dallas Mavericks
Mon Feb 24 2020,New York Knicks,Houston Rockets
Mon Feb 24 2020,Memphis Grizzlies,Los Angeles Clippers
Mon Feb 24 2020,Atlanta Hawks,Philadelphia 76ers
Mon Feb 24 2020,Phoenix Suns,Utah Jazz
Mon Feb 24 2020,Milwaukee Bucks,Washington Wizards
Tue Feb 25 2020,Oklahoma City Thunder,Chicago Bulls
Tue Feb 25 2020,Detroit Pistons,Denver Nuggets
Tue Feb 25 2020,Sacramento Kings,Golden State Warriors
Tue Feb 25 2020,Charlotte Hornets,Indiana Pacers
Tue Feb 25 2020,New Orleans Pelicans,Los Angeles Lakers
Tue Feb 25 2020,Boston Celtics,Portland Trail Blazers
Tue Feb 25 2020,Milwaukee Bucks,Toronto Raptors
Wed Feb 26 2020,Orlando Magic,Atlanta Hawks
Wed Feb 26 2020,New York Knicks,Charlotte Hornets
Wed Feb 26 2020,Philadelphia 76ers,Cleveland Cavaliers
Wed Feb 26 2020,Memphis Grizzlies,Houston Rockets
Wed Feb 26 2020,Minnesota Timberwolves,Miami Heat
Wed Feb 26 2020,Los Angeles Clippers,Phoenix Suns
Wed Feb 26 2020,Dallas Mavericks,San Antonio Spurs
Wed Feb 26 2020,Boston Celtics,Utah Jazz
Wed Feb 26 2020,Brooklyn Nets,Washington Wizards
Thu Feb 27 2020,Los Angeles Lakers,Golden State Warriors
Thu Feb 27 2020,Portland Trail Blazers,Indiana Pacers
Thu Feb 27 2020,Sacramento Kings,Oklahoma City Thunder
Thu Feb 27 2020,New York Knicks,Philadelphia 76ers
Fri Feb 28 2020,Brooklyn Nets,Atlanta Hawks
Fri Feb 28 2020,Denver Nuggets,Los Angeles Clippers
Fri Feb 28 2020,Sacramento Kings,Memphis Grizzlies
Fri Feb 28 2020,Dallas Mavericks,Miami Heat
Fri Feb 28 2020,Oklahoma City Thunder,Milwaukee Bucks
Fri Feb 28 2020,Cleveland Cavaliers,New Orleans Pelicans
Fri Feb 28 2020,Minnesota Timberwolves,Orlando Magic
Fri Feb 28 2020,Detroit Pistons,Phoenix Suns
Fri Feb 28 2020,Charlotte Hornets,Toronto Raptors
Fri Feb 28 2020,Washington Wizards,Utah Jazz
Sat Feb 29 2020,Portland Trail Blazers,Atlanta Hawks
Sat Feb 29 2020,Houston Rockets,Boston Celtics
Sat Feb 29 2020,Indiana Pacers,Cleveland Cavaliers
Sat Feb 29 2020,Los Angeles Lakers,Memphis Grizzlies
Sat Feb 29 2020,Brooklyn Nets,Miami Heat
Sat Feb 29 2020,Chicago Bulls,New York Knicks
Sat Feb 29 2020,Golden State Warriors,Phoenix Suns
Sat Feb 29 2020,Orlando Magic,San Antonio Spurs
Sun Mar 1 2020,Milwaukee Bucks,Charlotte Hornets
Sun Mar 1 2020,Toronto Raptors,Denver Nuggets
Sun Mar 1 2020,Washington Wizards,Golden State Warriors
Sun Mar 1 2020,Philadelphia 76ers,Los Angeles Clippers
Sun Mar 1 2020,Dallas Mavericks,Minnesota Timberwolves
Sun Mar 1 2020,Los Angeles Lakers,New Orleans Pelicans
Sun Mar 1 2020,Detroit Pistons,Sacramento Kings
Mon Mar 2 2020,Memphis Grizzlies,Atlanta Hawks
Mon Mar 2 2020,Dallas Mavericks,Chicago Bulls
Mon Mar 2 2020,Utah Jazz,Cleveland Cavaliers
Mon Mar 2 2020,Milwaukee Bucks,Miami Heat
Mon Mar 2 2020,Houston Rockets,New York Knicks
Mon Mar 2 2020,Portland Trail Blazers,Orlando Magic
Mon Mar 2 2020,Indiana Pacers,San Antonio Spurs
Tue Mar 3 2020,Brooklyn Nets,Boston Celtics
Tue Mar 3 2020,San Antonio Spurs,Charlotte Hornets
Tue Mar 3 2020,Golden State Warriors,Denver Nuggets
Tue Mar 3 2020,Philadelphia 76ers,Los Angeles Lakers
Tue Mar 3 2020,Minnesota Timberwolves,New Orleans Pelicans
Tue Mar 3 2020,Los Angeles Clippers,Oklahoma City Thunder
Tue Mar 3 2020,Toronto Raptors,Phoenix Suns
Tue Mar 3 2020,Washington Wizards,Sacramento Kings
Wed Mar 4 2020,Memphis Grizzlies,Brooklyn Nets
Wed Mar 4 2020,Boston Celtics,Cleveland Cavaliers
Wed Mar 4 2020,New Orleans Pelicans,Dallas Mavericks
Wed Mar 4 2020,Oklahoma City Thunder,Detroit Pistons
Wed Mar 4 2020,Orlando Magic,Miami Heat
Wed Mar 4 2020,Indiana Pacers,Milwaukee Bucks
Wed Mar 4 2020,Chicago Bulls,Minnesota Timberwolves
Wed Mar 4 2020,Utah Jazz,New York Knicks
Wed Mar 4 2020,Washington Wizards,Portland Trail Blazers
Thu Mar 5 2020,Denver Nuggets,Charlotte Hornets
Thu Mar 5 2020,Toronto Raptors,Golden State Warriors
Thu Mar 5 2020,Los Angeles Clippers,Houston Rockets
Thu Mar 5 2020,Philadelphia 76ers,Sacramento Kings
Fri Mar 6 2020,Utah Jazz,Boston Celtics
Fri Mar 6 2020,San Antonio Spurs,Brooklyn Nets
Fri Mar 6 2020,Indiana Pacers,Chicago Bulls
Fri Mar 6 2020,Memphis Grizzlies,Dallas Mavericks
Fri Mar 6 2020,Milwaukee Bucks,Los Angeles Lakers
Fri Mar 6 2020,Orlando Magic,Minnesota Timberwolves
Fri Mar 6 2020,Miami Heat,New Orleans Pelicans
Fri Mar 6 2020,Oklahoma City Thunder,New York Knicks
Fri Mar 6 2020,Portland Trail Blazers,Phoenix Suns
Fri Mar 6 2020,Atlanta Hawks,Washington Wizards
Sat Mar 7 2020,Houston Rockets,Charlotte Hornets
Sat Mar 7 2020,Denver Nuggets,Cleveland Cavaliers
Sat Mar 7 2020,Utah Jazz,Detroit Pistons
Sat Mar 7 2020,Philadelphia 76ers,Golden State Warriors
Sat Mar 7 2020,Atlanta Hawks,Memphis Grizzlies
Sat Mar 7 2020,Sacramento Kings,Portland Trail Blazers
Sun Mar 8 2020,Oklahoma City Thunder,Boston Celtics
Sun Mar 8 2020,Chicago Bulls,Brooklyn Nets
Sun Mar 8 2020,San Antonio Spurs,Cleveland Cavaliers
Sun Mar 8 2020,Indiana Pacers,Dallas Mavericks
Sun Mar 8 2020,Orlando Magic,Houston Rockets
Sun Mar 8 2020,Los Angeles Lakers,Los Angeles Clippers
Sun Mar 8 2020,New Orleans Pelicans,Minnesota Timberwolves
Sun Mar 8 2020,Detroit Pistons,New York Knicks
Sun Mar 8 2020,Milwaukee Bucks,Phoenix Suns
Sun Mar 8 2020,Toronto Raptors,Sacramento Kings
Sun Mar 8 2020,Miami Heat,Washington Wizards
Mon Mar 9 2020,Charlotte Hornets,Atlanta Hawks
Mon Mar 9 2020,Milwaukee Bucks,Denver Nuggets
Mon Mar 9 2020,Toronto Raptors,Utah Jazz
Tue Mar 10 2020,Cleveland Cavaliers,Chicago Bulls
Tue Mar 10 2020,Los Angeles Clippers,Golden State Warriors
Tue Mar 10 2020,Minnesota Timberwolves,Houston Rockets
Tue Mar 10 2020,Boston Celtics,Indiana Pacers
Tue Mar 10 2020,Brooklyn Nets,Los Angeles Lakers
Tue Mar 10 2020,Orlando Magic,Memphis Grizzlies
Tue Mar 10 2020,Phoenix Suns,Portland Trail Blazers
Tue Mar 10 2020,Dallas Mavericks,San Antonio Spurs
Tue Mar 10 2020,New York Knicks,Washington Wizards
Wed Mar 11 2020,New York Knicks,Atlanta Hawks
Wed Mar 11 2020,Denver Nuggets,Dallas Mavericks
Wed Mar 11 2020,Charlotte Hornets,Miami Heat
Wed Mar 11 2020,Utah Jazz,Oklahoma City Thunder
Wed Mar 11 2020,Detroit Pistons,Philadelphia 76ers
Wed Mar 11 2020,New Orleans Pelicans,Sacramento Kings
Thu Mar 12 2020,Brooklyn Nets,Golden State Warriors
Thu Mar 12 2020,Houston Rockets,Los Angeles Lakers
Thu Mar 12 2020,Boston Celtics,Milwaukee Bucks
Thu Mar 12 2020,Chicago Bulls,Orlando Magic
Thu Mar 12 2020,Memphis Grizzlies,Portland Trail Blazers
Fri Mar 13 2020,Washington Wizards,Boston Celtics
Fri Mar 13 2020,Cleveland Cavaliers,Charlotte Hornets
Fri Mar 13 2020,Brooklyn Nets,Los Angeles Clippers
Fri Mar 13 2020,New York Knicks,Miami Heat
Fri Mar 13 2020,Minnesota Timberwolves,Oklahoma City Thunder
Fri Mar 13 2020,Denver Nuggets,San Antonio Spurs
Fri Mar 13 2020,New Orleans Pelicans,Utah Jazz
Sat Mar 14 2020,Cleveland Cavaliers,Atlanta Hawks
Sat Mar 14 2020,Phoenix Suns,Dallas Mavericks
Sat Mar 14 2020,New Orleans Pelicans,Los Angeles Clippers
Sat Mar 14 2020,Chicago Bulls,Miami Heat
Sat Mar 14 2020,Golden State Warriors,Milwaukee Bucks
Sat Mar 14 2020,Indiana Pacers,Philadelphia 76ers
Sat Mar 14 2020,Minnesota Timberwolves,San Antonio Spurs
Sat Mar 14 2020,Detroit Pistons,Toronto Raptors
Sat Mar 14 2020,Memphis Grizzlies,Utah Jazz
Sun Mar 15 2020,Boston Celtics,Chicago Bulls
Sun Mar 15 2020,Denver Nuggets,Los Angeles Lakers
Sun Mar 15 2020,Charlotte Hornets,Orlando Magic
Sun Mar 15 2020,Houston Rockets,Portland Trail Blazers
Sun Mar 15 2020,Brooklyn Nets,Sacramento Kings
Sun Mar 15 2020,Oklahoma City Thunder,Washington Wizards
Mon Mar 16 2020,Dallas Mavericks,Los Angeles Clippers
Mon Mar 16 2020,Miami Heat,Milwaukee Bucks
Mon Mar 16 2020,Atlanta Hawks,New Orleans Pelicans
Mon Mar 16 2020,Washington Wizards,Philadelphia 76ers
Mon Mar 16 2020,Memphis Grizzlies,San Antonio Spurs
Mon Mar 16 2020,Golden State Warriors,Toronto Raptors
Mon Mar 16 2020,Los Angeles Lakers,Utah Jazz
Tue Mar 17 2020,Orlando Magic,Detroit Pistons
Tue Mar 17 2020,Cleveland Cavaliers,Houston Rockets
Tue Mar 17 2020,Oklahoma City Thunder,Memphis Grizzlies
Tue Mar 17 2020,Charlotte Hornets,New York Knicks
Tue Mar 17 2020,Minnesota Timberwolves,Portland Trail Blazers
Tue Mar 17 2020,Dallas Mavericks,Sacramento Kings
Wed Mar 18 2020,Oklahoma City Thunder,Atlanta Hawks
Wed Mar 18 2020,New York Knicks,Boston Celtics
Wed Mar 18 2020,Washington Wizards,Brooklyn Nets
Wed Mar 18 2020,Miami Heat,Chicago Bulls
Wed Mar 18 2020,Los Angeles Clippers,Denver Nuggets
Wed Mar 18 2020,Golden State Warriors,Indiana Pacers
Wed Mar 18 2020,Utah Jazz,Los Angeles Lakers
Wed Mar 18 2020,San Antonio Spurs,New Orleans Pelicans
Wed Mar 18 2020,Toronto Raptors,Philadelphia 76ers
Wed Mar 18 2020,Minnesota Timberwolves,Phoenix Suns
Thu Mar 19 2020,Philadelphia 76ers,Charlotte Hornets
Thu Mar 19 2020,Sacramento Kings,Houston Rockets
Thu Mar 19 2020,Memphis Grizzlies,Milwaukee Bucks
Thu Mar 19 2020,Cleveland Cavaliers,Orlando Magic
Thu Mar 19 2020,Dallas Mavericks,Portland Trail Blazers
Fri Mar 20 2020,Washington Wizards,Atlanta Hawks
Fri Mar 20 2020,Golden State Warriors,Detroit Pistons
Fri Mar 20 2020,Miami Heat,Indiana Pacers
Fri Mar 20 2020,Phoenix Suns,Los Angeles Clippers
Fri Mar 20 2020,Denver Nuggets,Oklahoma City Thunder
Fri Mar 20 2020,Chicago Bulls,San Antonio Spurs
Fri Mar 20 2020,Boston Celtics,Toronto Raptors
Fri Mar 20 2020,Minnesota Timberwolves,Utah Jazz
Sat Mar 21 2020,Boston Celtics,Brooklyn Nets
Sat Mar 21 2020,Los Angeles Lakers,Charlotte Hornets
Sat Mar 21 2020,Chicago Bulls,Houston Rockets
Sat Mar 21 2020,Cleveland Cavaliers,Indiana Pacers
Sat Mar 21 2020,New Orleans Pelicans,Memphis Grizzlies
Sat Mar 21 2020,Golden State Warriors,New York Knicks
Sat Mar 21 2020,Sacramento Kings,Orlando Magic
Sat Mar 21 2020,Atlanta Hawks,Philadelphia 76ers
Sat Mar 21 2020,Dallas Mavericks,Phoenix Suns
Sat Mar 21 2020,Milwaukee Bucks,Washington Wizards
Sun Mar 22 2020,Los Angeles Lakers,Detroit Pistons
Sun Mar 22 2020,Portland Trail Blazers,Minnesota Timberwolves
Sun Mar 22 2020,Sacramento Kings,New Orleans Pelicans
Sun Mar 22 2020,Utah Jazz,San Antonio Spurs
Sun Mar 22 2020,Denver Nuggets,Toronto Raptors
Mon Mar 23 2020,Orlando Magic,Brooklyn Nets
Mon Mar 23 2020,Denver Nuggets,Chicago Bulls
Mon Mar 23 2020,Houston Rockets,Dallas Mavericks
Mon Mar 23 2020,Phoenix Suns,Indiana Pacers
Mon Mar 23 2020,Oklahoma City Thunder,Miami Heat
Mon Mar 23 2020,Detroit Pistons,Milwaukee Bucks
Mon Mar 23 2020,Los Angeles Clippers,New York Knicks
Mon Mar 23 2020,Boston Celtics,Washington Wizards
Tue Mar 24 2020,Portland Trail Blazers,Charlotte Hornets
Tue Mar 24 2020,Sacramento Kings,Cleveland Cavaliers
Tue Mar 24 2020,Philadelphia 76ers,Minnesota Timberwolves
Tue Mar 24 2020,Memphis Grizzlies,New Orleans Pelicans
Tue Mar 24 2020,Los Angeles Lakers,Toronto Raptors
Tue Mar 24 2020,San Antonio Spurs,Utah Jazz
Wed Mar 25 2020,Los Angeles Clippers,Brooklyn Nets
Wed Mar 25 2020,Portland Trail Blazers,Detroit Pistons
Wed Mar 25 2020,Atlanta Hawks,Golden State Warriors
Wed Mar 25 2020,Boston Celtics,Memphis Grizzlies
Wed Mar 25 2020,Denver Nuggets,Miami Heat
Wed Mar 25 2020,Houston Rockets,Milwaukee Bucks
Wed Mar 25 2020,Toronto Raptors,New York Knicks
Wed Mar 25 2020,Indiana Pacers,Orlando Magic
Wed Mar 25 2020,Phoenix Suns,Washington Wizards
Thu Mar 26 2020,Philadelphia 76ers,Chicago Bulls
Thu Mar 26 2020,Los Angeles Lakers,Cleveland Cavaliers
Thu Mar 26 2020,Utah Jazz,Dallas Mavericks
Thu Mar 26 2020,San Antonio Spurs,Minnesota Timberwolves
Thu Mar 26 2020,Charlotte Hornets,Oklahoma City Thunder
Thu Mar 26 2020,Atlanta Hawks,Sacramento Kings
Fri Mar 27 2020,Portland Trail Blazers,Boston Celtics
Fri Mar 27 2020,San Antonio Spurs,Denver Nuggets
Fri Mar 27 2020,Los Angeles Clippers,Detroit Pistons
Fri Mar 27 2020,Houston Rockets,Indiana Pacers
Fri Mar 27 2020,Washington Wizards,Milwaukee Bucks
Fri Mar 27 2020,New York Knicks,New Orleans Pelicans
Fri Mar 27 2020,Brooklyn Nets,Orlando Magic
Fri Mar 27 2020,Phoenix Suns,Philadelphia 76ers
Sat Mar 28 2020,Cleveland Cavaliers,Brooklyn Nets
Sat Mar 28 2020,New York Knicks,Chicago Bulls
Sat Mar 28 2020,Los Angeles Clippers,Charlotte Hornets
Sat Mar 28 2020,Oklahoma City Thunder,Golden State Warriors
Sat Mar 28 2020,Toronto Raptors,Memphis Grizzlies
Sat Mar 28 2020,Phoenix Suns,Miami Heat
Sat Mar 28 2020,Atlanta Hawks,Utah Jazz
Sat Mar 28 2020,Los Angeles Lakers,Washington Wizards
Sun Mar 29 2020,Minnesota Timberwolves,Boston Celtics
Sun Mar 29 2020,Milwaukee Bucks,Dallas Mavericks
Sun Mar 29 2020,Houston Rockets,Detroit Pistons
Sun Mar 29 2020,San Antonio Spurs,Golden State Warriors
Sun Mar 29 2020,New Orleans Pelicans,Orlando Magic
Sun Mar 29 2020,Portland Trail Blazers,Philadelphia 76ers
Sun Mar 29 2020,Indiana Pacers,Sacramento Kings
Mon Mar 30 2020,Portland Trail Blazers,Brooklyn Nets
Mon Mar 30 2020,Miami Heat,Charlotte Hornets
Mon Mar 30 2020,Phoenix Suns,Cleveland Cavaliers
Mon Mar 30 2020,Oklahoma City Thunder,Denver Nuggets
Mon Mar 30 2020,Indiana Pacers,Los Angeles Clippers
Mon Mar 30 2020,Los Angeles Lakers,Minnesota Timberwolves
Mon Mar 30 2020,Memphis Grizzlies,Toronto Raptors
Mon Mar 30 2020,Chicago Bulls,Utah Jazz
Tue Mar 31 2020,New Orleans Pelicans,Atlanta Hawks
Tue Mar 31 2020,Denver Nuggets,Golden State Warriors
Tue Mar 31 2020,Houston Rockets,Philadelphia 76ers
Tue Mar 31 2020,San Antonio Spurs,Sacramento Kings
Wed Apr 1 2020,Miami Heat,Boston Celtics
Wed Apr 1 2020,Detroit Pistons,Brooklyn Nets
Wed Apr 1 2020,Indiana Pacers,Los Angeles Lakers
Wed Apr 1 2020,New York Knicks,Memphis Grizzlies
Wed Apr 1 2020,Toronto Raptors,Milwaukee Bucks
Wed Apr 1 2020,Dallas Mavericks,Minnesota Timberwolves
Wed Apr 1 2020,Phoenix Suns,Oklahoma City Thunder
Wed Apr 1 2020,Charlotte Hornets,Orlando Magic
Wed Apr 1 2020,Cleveland Cavaliers,Utah Jazz
Wed Apr 1 2020,New Orleans Pelicans,Washington Wizards
Thu Apr 2 2020,Golden State Warriors,Houston Rockets
Thu Apr 2 2020,Utah Jazz,Portland Trail Blazers
Thu Apr 2 2020,Los Angeles Clippers,Sacramento Kings
Fri Apr 3 2020,Charlotte Hornets,Atlanta Hawks
Fri Apr 3 2020,Orlando Magic,Boston Celtics
Fri Apr 3 2020,Chicago Bulls,Denver Nuggets
Fri Apr 3 2020,Miami Heat,Detroit Pistons
Fri Apr 3 2020,Brooklyn Nets,Indiana Pacers
Fri Apr 3 2020,Dallas Mavericks,Memphis Grizzlies
Fri Apr 3 2020,Minnesota Timberwolves,New York Knicks
Fri Apr 3 2020,Cleveland Cavaliers,Phoenix Suns
Fri Apr 3 2020,Golden State Warriors,San Antonio Spurs
Fri Apr 3 2020,Milwaukee Bucks,Toronto Raptors
Fri Apr 3 2020,Philadelphia 76ers,Washington Wizards
Sat Apr 4 2020,Oklahoma City Thunder,Los Angeles Clippers
Sat Apr 4 2020,Los Angeles Lakers,Sacramento Kings
Sun Apr 5 2020,Milwaukee Bucks,Boston Celtics
Sun Apr 5 2020,Dallas Mavericks,Brooklyn Nets
Sun Apr 5 2020,Atlanta Hawks,Charlotte Hornets
Sun Apr 5 2020,Utah Jazz,Denver Nuggets
Sun Apr 5 2020,Toronto Raptors,Houston Rockets
Sun Apr 5 2020,Washington Wizards,Indiana Pacers
Sun Apr 5 2020,Oklahoma City Thunder,Los Angeles Lakers
Sun Apr 5 2020,Detroit Pistons,Minnesota Timberwolves
Sun Apr 5 2020,Miami Heat,New York Knicks
Sun Apr 5 2020,Orlando Magic,Philadelphia 76ers
Sun Apr 5 2020,Chicago Bulls,Phoenix Suns
Sun Apr 5 2020,Memphis Grizzlies,Portland Trail Blazers
Sun Apr 5 2020,Cleveland Cavaliers,Sacramento Kings
Sun Apr 5 2020,New Orleans Pelicans,San Antonio Spurs
Mon Apr 6 2020,,
Tue Apr 7 2020,Detroit Pistons,Atlanta Hawks
Tue Apr 7 2020,Houston Rockets,Dallas Mavericks
Tue Apr 7 2020,Memphis Grizzlies,Denver Nuggets
Tue Apr 7 2020,Chicago Bulls,Los Angeles Lakers
Tue Apr 7 2020,Indiana Pacers,Miami Heat
Tue Apr 7 2020,Phoenix Suns,Minnesota Timberwolves
Tue Apr 7 2020,Charlotte Hornets,New Orleans Pelicans
Tue Apr 7 2020,Brooklyn Nets,Oklahoma City Thunder
Tue Apr 7 2020,Milwaukee Bucks,Philadelphia 76ers
Tue Apr 7 2020,Cleveland Cavaliers,Portland Trail Blazers
Tue Apr 7 2020,Sacramento Kings,San Antonio Spurs
Tue Apr 7 2020,Los Angeles Clippers,Utah Jazz
Tue Apr 7 2020,Toronto Raptors,Washington Wizards
Wed Apr 8 2020,Indiana Pacers,Boston Celtics
Wed Apr 8 2020,Toronto Raptors,Charlotte Hornets
Wed Apr 8 2020,Cleveland Cavaliers,Golden State Warriors
Wed Apr 8 2020,San Antonio Spurs,Houston Rockets
Wed Apr 8 2020,Chicago Bulls,Los Angeles Clippers
Wed Apr 8 2020,Orlando Magic,New York Knicks
Thu Apr 9 2020,Golden State Warriors,Los Angeles Lakers
Thu Apr 9 2020,Detroit Pistons,Miami Heat
Thu Apr 9 2020,Brooklyn Nets,Milwaukee Bucks
Thu Apr 9 2020,Sacramento Kings,Minnesota Timberwolves
Thu Apr 9 2020,Phoenix Suns,New Orleans Pelicans
Thu Apr 9 2020,Denver Nuggets,Portland Trail Blazers
Fri Apr 10 2020,Washington Wizards,Houston Rockets
Fri Apr 10 2020,New York Knicks,Oklahoma City Thunder
Fri Apr 10 2020,Boston Celtics,Orlando Magic
Fri Apr 10 2020,Philadelphia 76ers,San Antonio Spurs
Fri Apr 10 2020,Atlanta Hawks,Toronto Raptors
Sat Apr 11 2020,Brooklyn Nets,Chicago Bulls
Sat Apr 11 2020,Washington Wizards,Charlotte Hornets
Sat Apr 11 2020,Milwaukee Bucks,Cleveland Cavaliers
Sat Apr 11 2020,Detroit Pistons,Dallas Mavericks
Sat Apr 11 2020,Sacramento Kings,Denver Nuggets
Sat Apr 11 2020,Orlando Magic,Indiana Pacers
Sat Apr 11 2020,Golden State Warriors,Los Angeles Clippers
Sat Apr 11 2020,Oklahoma City Thunder,Memphis Grizzlies
Sat Apr 11 2020,Boston Celtics,Miami Heat
Sat Apr 11 2020,Philadelphia 76ers,New Orleans Pelicans
Sat Apr 11 2020,Utah Jazz,Phoenix Suns
Sun Apr 12 2020,Minnesota Timberwolves,Los Angeles Lakers
Sun Apr 12 2020,Atlanta Hawks,Milwaukee Bucks
Sun Apr 12 2020,Houston Rockets,San Antonio Spurs
Sun Apr 12 2020,New York Knicks,Toronto Raptors
Mon Apr 13 2020,Orlando Magic,Chicago Bulls
Mon Apr 13 2020,Miami Heat,Charlotte Hornets
Mon Apr 13 2020,Brooklyn Nets,Cleveland Cavaliers
Mon Apr 13 2020,Dallas Mavericks,Denver Nuggets
Mon Apr 13 2020,Boston Celtics,Detroit Pistons
Mon Apr 13 2020,Portland Trail Blazers,Golden State Warriors
Mon Apr 13 2020,Phoenix Suns,Houston Rockets
Mon Apr 13 2020,San Antonio Spurs,Indiana Pacers
Mon Apr 13 2020,Minnesota Timberwolves,Los Angeles Clippers
Mon Apr 13 2020,Philadelphia 76ers,Memphis Grizzlies
Mon Apr 13 2020,Washington Wizards,New Orleans Pelicans
Mon Apr 13 2020,Utah Jazz,Oklahoma City Thunder
Tue Apr 14 2020,Sacramento Kings,Los Angeles Lakers
Tue Apr 14 2020,Toronto Raptors,Miami Heat
Tue Apr 14 2020,Detroit Pistons,New York Knicks
Tue Apr 14 2020,Denver Nuggets,Utah Jazz
Wed Apr 15 2020,Cleveland Cavaliers,Atlanta Hawks
Wed Apr 15 2020,Chicago Bulls,Boston Celtics
Wed Apr 15 2020,Milwaukee Bucks,Brooklyn Nets
Wed Apr 15 2020,Oklahoma City Thunder,Dallas Mavericks
Wed Apr 15 2020,Memphis Grizzlies,Houston Rockets
Wed Apr 15 2020,New York Knicks,Minnesota Timberwolves
Wed Apr 15 2020,Toronto Raptors,Orlando Magic
Wed Apr 15 2020,Charlotte Hornets,Philadelphia 76ers
Wed Apr 15 2020,Los Angeles Lakers,Phoenix Suns
Wed Apr 15 2020,Los Angeles Clippers,Portland Trail Blazers
Wed Apr 15 2020,Golden State Warriors,Sacramento Kings
Wed Apr 15 2020,New Orleans Pelicans,San Antonio Spurs
Wed Apr 15 2020,Indiana Pacers,Washington Wizards
Mon,,